Feature,Coefficient_orig_circ_model,Coefficient_combined_batch1_model
Cytoplasm_AreaShape_BoundingBoxArea,0.0,0.0
Cytoplasm_AreaShape_Compactness,0.2581038654725219,0.0
Cytoplasm_AreaShape_Eccentricity,0.0439785074705511,0.0
Cytoplasm_AreaShape_Extent,0.0,0.0
Cytoplasm_AreaShape_FormFactor,0.0,0.0
Cytoplasm_AreaShape_MajorAxisLength,0.0,-0.0883361374251051
Cytoplasm_AreaShape_MinorAxisLength,0.0925408025701068,0.0
Cytoplasm_AreaShape_Perimeter,0.059018575756246,0.0
Cytoplasm_AreaShape_Solidity,-0.3688309872905047,0.0
Cytoplasm_AreaShape_Zernike_0_0,-0.0707179257191191,0.0
Cytoplasm_AreaShape_Zernike_1_1,0.0,0.0
Cytoplasm_AreaShape_Zernike_2_0,0.0,0.0
Cytoplasm_AreaShape_Zernike_2_2,0.0,0.0
Cytoplasm_AreaShape_Zernike_3_1,0.0,0.0
Cytoplasm_AreaShape_Zernike_3_3,0.0898833835785654,0.0
Cytoplasm_AreaShape_Zernike_4_0,-0.0313047533742812,0.0
Cytoplasm_AreaShape_Zernike_4_2,-0.09593169350066,0.0
Cytoplasm_AreaShape_Zernike_5_1,0.0182924148563422,-0.05816943554745
Cytoplasm_AreaShape_Zernike_5_3,-0.0620558468218614,0.0
Cytoplasm_AreaShape_Zernike_6_0,0.0,0.0
Cytoplasm_AreaShape_Zernike_6_2,-0.18650661373911,0.0
Cytoplasm_AreaShape_Zernike_7_1,0.046222525295989,0.0
Cytoplasm_AreaShape_Zernike_7_3,0.0401752182993834,-0.0362775729641443
Cytoplasm_AreaShape_Zernike_8_0,-0.0605737966632459,0.0
Cytoplasm_AreaShape_Zernike_8_2,0.0,0.0
Cytoplasm_AreaShape_Zernike_8_4,0.0,0.0
Cytoplasm_AreaShape_Zernike_8_6,0.055254488965569,0.0
Cytoplasm_AreaShape_Zernike_9_1,0.0,0.076260142543877
Cytoplasm_AreaShape_Zernike_9_3,-0.0638695666379393,-0.0050712551855491
Cytoplasm_AreaShape_Zernike_9_5,0.0,-0.0019664660532706
Cytoplasm_AreaShape_Zernike_9_7,0.0320391718559762,0.0
Cytoplasm_Correlation_Correlation_Actin_Hoechst,-0.2499822458344013,0.0
Cytoplasm_Correlation_Correlation_ER_Hoechst,0.216508606384805,0.0
Cytoplasm_Correlation_Correlation_ER_Mitochondria,0.065567600170881,0.0
Cytoplasm_Correlation_Correlation_ER_PM,-0.2946925701508338,0.0
Cytoplasm_Correlation_Correlation_Hoechst_Mitochondria,-0.0434989223307659,-0.0876790690399623
Cytoplasm_Correlation_Correlation_Hoechst_PM,0.0,0.0
Cytoplasm_Correlation_Correlation_Mitochondria_PM,0.4428953414803911,-0.1098628440969836
Cytoplasm_Correlation_Manders_Actin_PM,0.0986323711472058,0.0
Cytoplasm_Correlation_Manders_Mitochondria_Hoechst,0.0153862000414068,0.0
Cytoplasm_Correlation_Manders_PM_Hoechst,0.0,0.0
Cytoplasm_Correlation_RWC_Actin_ER,0.0,0.0
Cytoplasm_Correlation_RWC_ER_Actin,-0.3823783531110543,0.0
Cytoplasm_Correlation_RWC_ER_Hoechst,0.0,0.0
Cytoplasm_Correlation_RWC_ER_Mitochondria,0.1456652453857531,0.0
Cytoplasm_Correlation_RWC_ER_PM,-0.0769155621019628,0.0
Cytoplasm_Correlation_RWC_Hoechst_ER,-0.1726114043280308,0.0
Cytoplasm_Correlation_RWC_Hoechst_Mitochondria,-0.2043091014372317,0.0
Cytoplasm_Correlation_RWC_Mitochondria_ER,-0.040989158524378,0.0
Cytoplasm_Correlation_RWC_Mitochondria_Hoechst,-0.0256941769290578,0.0
Cytoplasm_Correlation_RWC_Mitochondria_PM,-0.2043748966848631,0.0
Cytoplasm_Correlation_RWC_PM_ER,0.0,0.0536264544875421
Cytoplasm_Correlation_RWC_PM_Mitochondria,-0.1970999064723174,0.0
Cytoplasm_Granularity_1_Actin,-0.2248340614350983,0.0
Cytoplasm_Granularity_2_Actin,0.0024108868024182,0.0707683291316237
Cytoplasm_Granularity_2_ER,-0.088389258198177,-0.0442011656890861
Cytoplasm_Granularity_2_Hoechst,-0.2195435968876008,0.0575206168100655
Cytoplasm_Granularity_2_Mitochondria,0.063513484134818,0.0
Cytoplasm_Intensity_IntegratedIntensityEdge_Hoechst,0.1712918752548388,0.0
Cytoplasm_Intensity_IntegratedIntensity_ER,0.0,0.0
Cytoplasm_Intensity_IntegratedIntensity_Hoechst,0.0,0.0
Cytoplasm_Intensity_IntegratedIntensity_Mitochondria,0.0,0.0
Cytoplasm_Intensity_IntegratedIntensity_PM,0.0879009320833558,0.0
Cytoplasm_Intensity_LowerQuartileIntensity_Actin,-0.1897298092811987,0.0
Cytoplasm_Intensity_LowerQuartileIntensity_Hoechst,0.0458546025095754,0.0
Cytoplasm_Intensity_LowerQuartileIntensity_PM,0.0,0.0313848634363136
Cytoplasm_Intensity_MADIntensity_ER,-0.099087895991344,0.0
Cytoplasm_Intensity_MADIntensity_Hoechst,0.0679569803700837,0.0327067070173578
Cytoplasm_Intensity_MADIntensity_Mitochondria,0.0,0.0
Cytoplasm_Intensity_MADIntensity_PM,0.0441807279681867,0.0
Cytoplasm_Intensity_MassDisplacement_ER,0.0,0.0
Cytoplasm_Intensity_MassDisplacement_Hoechst,-0.1902142213915719,0.0
Cytoplasm_Intensity_MassDisplacement_Mitochondria,0.0,-0.0016011032891351
Cytoplasm_Intensity_MaxIntensityEdge_Hoechst,0.1248876636899271,0.0
Cytoplasm_Intensity_MaxIntensityEdge_Mitochondria,0.1116544275778004,0.0593704971229056
Cytoplasm_Intensity_MaxIntensityEdge_PM,0.1469152864502342,0.0
Cytoplasm_Intensity_MaxIntensity_Actin,0.0,0.659362239978578
Cytoplasm_Intensity_MaxIntensity_ER,-0.1731139262339476,0.0141301619600243
Cytoplasm_Intensity_MaxIntensity_Hoechst,0.0523831197703521,0.0
Cytoplasm_Intensity_MaxIntensity_Mitochondria,-0.0957775624458853,0.0
Cytoplasm_Intensity_MaxIntensity_PM,-0.012832108664987,0.0
Cytoplasm_Intensity_MinIntensityEdge_Hoechst,-0.0857180191511581,0.0
Cytoplasm_Intensity_StdIntensityEdge_Hoechst,0.6833902429930042,0.0
Cytoplasm_Intensity_StdIntensityEdge_Mitochondria,0.0,0.0
Cytoplasm_Intensity_StdIntensity_Hoechst,0.0,0.0
Cytoplasm_Intensity_StdIntensity_Mitochondria,-0.1533285228493115,0.0
Cytoplasm_RadialDistribution_FracAtD_Actin_1of4,0.0288637001305207,0.0
Cytoplasm_RadialDistribution_FracAtD_Actin_2of4,0.0,-0.0123236970973962
Cytoplasm_RadialDistribution_FracAtD_Actin_3of4,-0.0409170927524786,0.0
Cytoplasm_RadialDistribution_FracAtD_Actin_4of4,0.0,0.0
Cytoplasm_RadialDistribution_FracAtD_ER_1of4,-0.0431529993329262,0.0
Cytoplasm_RadialDistribution_FracAtD_ER_3of4,0.0,0.0
Cytoplasm_RadialDistribution_FracAtD_ER_4of4,0.0,0.0
Cytoplasm_RadialDistribution_FracAtD_Hoechst_1of4,0.0,0.0
Cytoplasm_RadialDistribution_FracAtD_Hoechst_2of4,0.0,0.0
Cytoplasm_RadialDistribution_FracAtD_Hoechst_3of4,0.0,0.0
Cytoplasm_RadialDistribution_FracAtD_Hoechst_4of4,0.0,0.0
Cytoplasm_RadialDistribution_FracAtD_Mitochondria_1of4,0.0,0.0
Cytoplasm_RadialDistribution_FracAtD_Mitochondria_2of4,-0.0866588005129242,0.0
Cytoplasm_RadialDistribution_FracAtD_Mitochondria_3of4,0.0,0.0
Cytoplasm_RadialDistribution_FracAtD_Mitochondria_4of4,0.0,0.0
Cytoplasm_RadialDistribution_FracAtD_PM_1of4,0.0,0.0
Cytoplasm_RadialDistribution_MeanFrac_Actin_1of4,0.0,0.0
Cytoplasm_RadialDistribution_MeanFrac_Actin_2of4,0.0,0.0
Cytoplasm_RadialDistribution_MeanFrac_Actin_3of4,0.0,0.0
Cytoplasm_RadialDistribution_MeanFrac_Actin_4of4,0.0329937223619844,0.1680548575265983
Cytoplasm_RadialDistribution_MeanFrac_ER_1of4,-0.0223909885250451,0.0
Cytoplasm_RadialDistribution_MeanFrac_ER_3of4,0.0,0.0
Cytoplasm_RadialDistribution_MeanFrac_ER_4of4,0.0326204876398027,0.0
Cytoplasm_RadialDistribution_MeanFrac_Hoechst_1of4,0.0137370689087444,0.0
Cytoplasm_RadialDistribution_MeanFrac_Hoechst_2of4,0.0387680975549267,-0.0968480984573811
Cytoplasm_RadialDistribution_MeanFrac_Hoechst_3of4,0.0,0.0
Cytoplasm_RadialDistribution_MeanFrac_Hoechst_4of4,0.0,0.0
Cytoplasm_RadialDistribution_MeanFrac_Mitochondria_1of4,0.0116851825051805,0.0
Cytoplasm_RadialDistribution_MeanFrac_Mitochondria_2of4,0.0,0.0
Cytoplasm_RadialDistribution_MeanFrac_Mitochondria_4of4,0.0,0.0
Cytoplasm_RadialDistribution_MeanFrac_PM_1of4,-0.0031167114100099,0.0
Cytoplasm_RadialDistribution_MeanFrac_PM_2of4,-0.0261549951541541,0.0
Cytoplasm_RadialDistribution_MeanFrac_PM_3of4,0.0689424638211241,0.0
Cytoplasm_RadialDistribution_MeanFrac_PM_4of4,0.0,0.0
Cytoplasm_RadialDistribution_RadialCV_Actin_1of4,0.0,0.0
Cytoplasm_RadialDistribution_RadialCV_Actin_2of4,0.0178614144455764,0.0
Cytoplasm_RadialDistribution_RadialCV_Actin_3of4,-0.0636649451031892,0.1500896741054976
Cytoplasm_RadialDistribution_RadialCV_Actin_4of4,0.0187578470473013,-0.0799380885916448
Cytoplasm_RadialDistribution_RadialCV_ER_1of4,-0.0433282834391433,0.0
Cytoplasm_RadialDistribution_RadialCV_ER_2of4,0.0,0.0
Cytoplasm_RadialDistribution_RadialCV_ER_3of4,0.0,-0.0228083977744254
Cytoplasm_RadialDistribution_RadialCV_ER_4of4,0.0486329296254205,0.0
Cytoplasm_RadialDistribution_RadialCV_Hoechst_1of4,0.0672592049801892,0.0
Cytoplasm_RadialDistribution_RadialCV_Hoechst_2of4,0.0604299786048326,0.0
Cytoplasm_RadialDistribution_RadialCV_Hoechst_3of4,0.0,0.0
Cytoplasm_RadialDistribution_RadialCV_Hoechst_4of4,-0.0072092824354481,0.0
Cytoplasm_RadialDistribution_RadialCV_Mitochondria_1of4,0.0608310131685825,-0.0772670189851643
Cytoplasm_RadialDistribution_RadialCV_Mitochondria_2of4,0.0,0.0
Cytoplasm_RadialDistribution_RadialCV_Mitochondria_3of4,0.0,0.0
Cytoplasm_RadialDistribution_RadialCV_Mitochondria_4of4,-0.161666830756611,0.0
Cytoplasm_RadialDistribution_RadialCV_PM_1of4,0.0,0.0
Cytoplasm_RadialDistribution_RadialCV_PM_2of4,-0.0360331205958419,0.0
Cytoplasm_RadialDistribution_RadialCV_PM_3of4,0.0,0.0
Cytoplasm_RadialDistribution_RadialCV_PM_4of4,0.0632258496662985,-9.917271701516812e-05
Cytoplasm_Texture_AngularSecondMoment_ER_3_01_256,0.2442695258215183,0.0
Cytoplasm_Texture_AngularSecondMoment_Mitochondria_3_01_256,-0.0926833035586371,0.0
Cytoplasm_Texture_AngularSecondMoment_PM_3_01_256,0.0,0.0
Cytoplasm_Texture_Contrast_ER_3_01_256,0.0202929928357891,0.0
Cytoplasm_Texture_Contrast_Hoechst_3_01_256,0.0,0.0
Cytoplasm_Texture_Contrast_Mitochondria_3_01_256,0.0374290210628183,0.0
Cytoplasm_Texture_Contrast_PM_3_01_256,0.0587641364308231,0.0
Cytoplasm_Texture_Correlation_ER_3_00_256,0.0,0.0939908579417247
Cytoplasm_Texture_Correlation_ER_3_01_256,0.0581450160714062,0.1885434840354009
Cytoplasm_Texture_Correlation_ER_3_02_256,0.0907736578401691,0.0525419069019037
Cytoplasm_Texture_Correlation_ER_3_03_256,0.1100533140295053,0.0
Cytoplasm_Texture_Correlation_Hoechst_3_00_256,0.1753314886445888,0.0
Cytoplasm_Texture_Correlation_Hoechst_3_01_256,0.0,0.0491325615777924
Cytoplasm_Texture_Correlation_Hoechst_3_02_256,0.1885474978521179,0.052375386972844
Cytoplasm_Texture_Correlation_Hoechst_3_03_256,0.0,0.057059094059831
Cytoplasm_Texture_Correlation_Mitochondria_3_00_256,-0.0557221108364234,0.0
Cytoplasm_Texture_Correlation_Mitochondria_3_01_256,-0.165949682928465,0.0
Cytoplasm_Texture_Correlation_Mitochondria_3_02_256,0.0,0.0
Cytoplasm_Texture_Correlation_Mitochondria_3_03_256,-0.2159783620010832,0.0
Cytoplasm_Texture_Correlation_PM_3_00_256,0.0,0.0
Cytoplasm_Texture_Correlation_PM_3_01_256,0.0,0.0
Cytoplasm_Texture_Correlation_PM_3_02_256,0.0,0.0
Cytoplasm_Texture_Correlation_PM_3_03_256,-0.1000209914183082,0.0
Cytoplasm_Texture_DifferenceEntropy_ER_3_01_256,0.0,0.0
Cytoplasm_Texture_DifferenceEntropy_Hoechst_3_02_256,0.3797082336877977,0.0
Cytoplasm_Texture_DifferenceEntropy_Mitochondria_3_00_256,0.0583756411657596,0.0
Cytoplasm_Texture_DifferenceEntropy_Mitochondria_3_01_256,0.0,0.0
Cytoplasm_Texture_DifferenceEntropy_Mitochondria_3_02_256,0.0,0.0
Cytoplasm_Texture_DifferenceEntropy_Mitochondria_3_03_256,0.0,0.0
Cytoplasm_Texture_DifferenceEntropy_PM_3_01_256,0.0,0.0
Cytoplasm_Texture_DifferenceVariance_Actin_3_01_256,-0.0341458425747158,0.0
Cytoplasm_Texture_DifferenceVariance_ER_3_01_256,0.0,0.0
Cytoplasm_Texture_DifferenceVariance_Hoechst_3_02_256,-0.1909832253136611,0.0
Cytoplasm_Texture_DifferenceVariance_Mitochondria_3_01_256,0.0,0.0
Cytoplasm_Texture_DifferenceVariance_PM_3_02_256,-0.0024562758640624,0.0
Cytoplasm_Texture_InfoMeas1_ER_3_00_256,0.0,0.0
Cytoplasm_Texture_InfoMeas1_ER_3_01_256,0.0,0.0
Cytoplasm_Texture_InfoMeas1_ER_3_02_256,0.0,0.0
Cytoplasm_Texture_InfoMeas1_ER_3_03_256,-0.0092010841522157,0.0
Cytoplasm_Texture_InfoMeas1_Hoechst_3_00_256,0.0,0.0
Cytoplasm_Texture_InfoMeas1_Hoechst_3_01_256,0.0263511814292141,0.0
Cytoplasm_Texture_InfoMeas1_Hoechst_3_02_256,-0.0675552589725212,0.0
Cytoplasm_Texture_InfoMeas1_Hoechst_3_03_256,0.0,0.0
Cytoplasm_Texture_InfoMeas1_PM_3_00_256,-0.5187413725062534,0.0
Cytoplasm_Texture_InfoMeas1_PM_3_01_256,0.0254105688601947,0.152168464566515
Cytoplasm_Texture_InfoMeas1_PM_3_02_256,-0.1327667452399806,0.0
Cytoplasm_Texture_InfoMeas1_PM_3_03_256,0.0,0.0
Cytoplasm_Texture_InfoMeas2_Hoechst_3_01_256,0.2578894582157987,0.0
Cytoplasm_Texture_InfoMeas2_Mitochondria_3_00_256,0.084977869301195,0.0
Cytoplasm_Texture_InfoMeas2_Mitochondria_3_01_256,-0.0905648792878162,0.0
Cytoplasm_Texture_InfoMeas2_Mitochondria_3_02_256,0.0,0.0
Cytoplasm_Texture_InfoMeas2_Mitochondria_3_03_256,0.0,0.0
Cytoplasm_Texture_InfoMeas2_PM_3_00_256,0.0,0.0
Cytoplasm_Texture_InfoMeas2_PM_3_01_256,-0.0031923541599725,0.0
Cytoplasm_Texture_InfoMeas2_PM_3_02_256,0.0765796488045737,0.0
Cytoplasm_Texture_InfoMeas2_PM_3_03_256,0.0,0.0
Cytoplasm_Texture_InverseDifferenceMoment_ER_3_01_256,-0.3576071155852857,0.0
Cytoplasm_Texture_InverseDifferenceMoment_ER_3_03_256,0.0,0.0
Cytoplasm_Texture_InverseDifferenceMoment_Hoechst_3_02_256,0.0,0.0
Cytoplasm_Texture_InverseDifferenceMoment_Mitochondria_3_00_256,0.0823411471215358,0.0
Cytoplasm_Texture_InverseDifferenceMoment_Mitochondria_3_01_256,0.1976491697933429,0.0
Cytoplasm_Texture_InverseDifferenceMoment_Mitochondria_3_02_256,0.179972867619737,0.0
Cytoplasm_Texture_InverseDifferenceMoment_Mitochondria_3_03_256,0.0,0.0
Cytoplasm_Texture_InverseDifferenceMoment_PM_3_01_256,0.0,-0.2450267062026227
Cytoplasm_Texture_InverseDifferenceMoment_PM_3_03_256,0.0694955666648669,-0.1543240721792523
Cytoplasm_Texture_SumAverage_Hoechst_3_03_256,0.022819691592819,0.0
Cytoplasm_Texture_SumVariance_ER_3_01_256,0.0042176675849858,0.0
Cytoplasm_Texture_SumVariance_Hoechst_3_02_256,0.0,0.0
Cytoplasm_Texture_SumVariance_Mitochondria_3_01_256,0.0170357690168042,0.0
Cytoplasm_Texture_SumVariance_PM_3_01_256,-0.1402265060349467,0.0
Cells_AreaShape_Area,-0.40073506662613,0.0
Cells_AreaShape_FormFactor,0.2011206196027363,0.0
Cells_AreaShape_MedianRadius,0.0,-0.0218463446272308
Cells_AreaShape_Orientation,0.0,0.0
Cells_AreaShape_Zernike_2_0,0.0444315691570687,0.0
Cells_AreaShape_Zernike_3_1,-0.0498487491532432,0.0
Cells_AreaShape_Zernike_4_0,0.0,0.0113038052439993
Cells_AreaShape_Zernike_4_2,0.0,0.0
Cells_AreaShape_Zernike_4_4,0.0419870965659073,0.0
Cells_AreaShape_Zernike_5_1,0.0028995265693376,0.0
Cells_AreaShape_Zernike_5_3,0.0,-0.0003061444207238
Cells_AreaShape_Zernike_5_5,0.0,-0.0237760485162054
Cells_AreaShape_Zernike_6_0,0.0,0.0
Cells_AreaShape_Zernike_6_2,0.178485217308824,0.1351523986169276
Cells_AreaShape_Zernike_6_4,-0.0762666990298951,0.0
Cells_AreaShape_Zernike_6_6,0.0297298912353939,0.0222922421903528
Cells_AreaShape_Zernike_7_1,-0.1346757778536356,0.0148301940214452
Cells_AreaShape_Zernike_7_3,0.0,0.0
Cells_AreaShape_Zernike_7_5,-0.0343763019422403,0.0
Cells_AreaShape_Zernike_7_7,0.0,0.0
Cells_AreaShape_Zernike_8_0,-0.0276130945157207,0.0
Cells_AreaShape_Zernike_8_2,-0.0559206936332359,0.0
Cells_AreaShape_Zernike_8_4,0.0180229656128923,0.0
Cells_AreaShape_Zernike_8_8,0.047703462775051,0.0
Cells_AreaShape_Zernike_9_1,0.0,0.0
Cells_AreaShape_Zernike_9_3,-0.0011496378197146,0.0
Cells_AreaShape_Zernike_9_5,0.0758533090700209,0.0
Cells_AreaShape_Zernike_9_9,0.0,0.0
Cells_Correlation_Correlation_Actin_ER,-0.0677762298031335,0.0
Cells_Correlation_Correlation_Actin_Hoechst,0.0,-0.1831668701857506
Cells_Correlation_Correlation_Actin_Mitochondria,0.2294934425882461,-0.2059166626231663
Cells_Correlation_Correlation_ER_Hoechst,0.1151474322045725,-0.1874746755587675
Cells_Correlation_Correlation_ER_PM,0.0,-0.2006819985606642
Cells_Correlation_Correlation_Hoechst_Mitochondria,0.0,-0.0196213109624259
Cells_Correlation_Correlation_Hoechst_PM,-0.0272810720438297,0.0
Cells_Correlation_Correlation_Mitochondria_PM,0.0322011478076353,0.0
Cells_Correlation_K_ER_PM,-0.0594909318803288,0.0
Cells_Correlation_K_Mitochondria_PM,-0.1382738025558873,0.0
Cells_Correlation_K_PM_ER,0.0,0.0524333982164753
Cells_Correlation_K_PM_Mitochondria,-0.0500830890437064,0.0
Cells_Correlation_Manders_ER_Hoechst,0.0,0.0
Cells_Correlation_Manders_Hoechst_Actin,-0.1492012261601797,0.0822777369582812
Cells_Correlation_Manders_Mitochondria_Hoechst,0.1345735238200657,0.0
Cells_Correlation_Manders_PM_Hoechst,-0.052735847448382,0.0
Cells_Correlation_Overlap_ER_PM,-0.0355293062478103,0.0
Cells_Correlation_Overlap_Mitochondria_PM,-0.0560468871181341,0.0
Cells_Correlation_RWC_Actin_Mitochondria,-0.017512817445802,0.0
Cells_Correlation_RWC_ER_PM,0.0,0.0
Cells_Correlation_RWC_Hoechst_ER,0.3092578481592973,-0.0299784864389139
Cells_Correlation_RWC_Hoechst_PM,0.0,0.0792659510210801
Cells_Correlation_RWC_Mitochondria_PM,0.0003537326356409,0.0
Cells_Correlation_RWC_PM_ER,0.0,0.0
Cells_Correlation_RWC_PM_Mitochondria,0.2837959599088559,0.0
Cells_Granularity_1_ER,0.1056179737853841,0.0
Cells_Granularity_1_Hoechst,-0.1898601515008477,-0.0701717645534956
Cells_Granularity_1_Mitochondria,0.0,0.0
Cells_Granularity_1_PM,0.0,0.0
Cells_Granularity_2_Hoechst,0.0,0.0
Cells_Intensity_IntegratedIntensityEdge_Actin,-1.3572041220936908,1.1353066419042024
Cells_Intensity_IntegratedIntensityEdge_ER,-0.2404034268062999,0.2776908826234384
Cells_Intensity_IntegratedIntensityEdge_Hoechst,-0.0953274698692231,-0.108577116351134
Cells_Intensity_IntegratedIntensityEdge_Mitochondria,0.0,0.0
Cells_Intensity_IntegratedIntensityEdge_PM,0.0,0.0
Cells_Intensity_IntegratedIntensity_Actin,0.0,0.8745499520884038
Cells_Intensity_IntegratedIntensity_Hoechst,0.0,-0.0558881785453708
Cells_Intensity_MassDisplacement_Actin,0.0,0.0
Cells_Intensity_MassDisplacement_Hoechst,-0.0136257955600644,0.0
Cells_Intensity_MassDisplacement_PM,0.0,0.0
Cells_Intensity_MaxIntensityEdge_Actin,-0.0344691610018929,0.7337332475037294
Cells_Intensity_MaxIntensityEdge_ER,-0.0483223370333464,0.0276559947518128
Cells_Intensity_MaxIntensityEdge_Mitochondria,0.0,0.0
Cells_Intensity_MaxIntensityEdge_PM,0.0767482496669901,0.0
Cells_Intensity_MaxIntensity_Hoechst,0.0115794156957481,0.0
Cells_Intensity_MeanIntensityEdge_Hoechst,-0.1559673422614468,-0.0290452460680957
Cells_Intensity_MeanIntensityEdge_Mitochondria,-0.0187576710088063,-0.2514755510253739
Cells_Intensity_MedianIntensity_Hoechst,-0.0300917863845526,0.0
Cells_Intensity_MinIntensityEdge_Actin,-0.5062313643980191,0.0
Cells_Intensity_MinIntensityEdge_Mitochondria,0.2470780612205038,0.0
Cells_Intensity_StdIntensityEdge_Hoechst,-0.7368739119518053,0.0
Cells_Intensity_StdIntensityEdge_Mitochondria,0.0,-0.0371208211411864
Cells_Intensity_StdIntensityEdge_PM,-0.219256910058739,0.0
Cells_Intensity_StdIntensity_Actin,0.0,0.0
Cells_Intensity_UpperQuartileIntensity_Hoechst,0.0,0.0423945062376677
Cells_Location_MaxIntensity_X_Actin,-0.0575471560171829,0.0
Cells_Location_MaxIntensity_Y_Actin,0.0111221029860336,0.0
Cells_Neighbors_AngleBetweenNeighbors_Adjacent,-0.0692113326973,0.0
Cells_Neighbors_FirstClosestDistance_Adjacent,-0.0912872045955738,0.0
Cells_Neighbors_PercentTouching_Adjacent,0.1097201658465344,-0.858115770644652
Cells_Neighbors_SecondClosestDistance_Adjacent,0.0,0.0
Cells_RadialDistribution_FracAtD_Actin_1of4,0.0,0.0
Cells_RadialDistribution_FracAtD_Actin_3of4,0.0,0.0
Cells_RadialDistribution_FracAtD_Actin_4of4,0.0,0.0
Cells_RadialDistribution_FracAtD_ER_1of4,0.1273392797273211,0.0
Cells_RadialDistribution_FracAtD_ER_3of4,0.0580542068606436,0.0
Cells_RadialDistribution_FracAtD_ER_4of4,0.0,0.0
Cells_RadialDistribution_FracAtD_Hoechst_1of4,0.0,-0.1445931103696118
Cells_RadialDistribution_FracAtD_Hoechst_3of4,-0.0330735388136171,0.0551745887633657
Cells_RadialDistribution_FracAtD_Mitochondria_1of4,-0.047944351907123,0.0
Cells_RadialDistribution_FracAtD_PM_1of4,0.0,0.0
Cells_RadialDistribution_FracAtD_PM_2of4,0.0723996168557954,0.0
Cells_RadialDistribution_FracAtD_PM_3of4,0.0,0.0
Cells_RadialDistribution_MeanFrac_Actin_1of4,-0.0217817961535278,0.1302309021942507
Cells_RadialDistribution_MeanFrac_Actin_2of4,-0.0879064485085831,0.0345309691136098
Cells_RadialDistribution_MeanFrac_Actin_3of4,0.0429886426868005,-0.1047318925293358
Cells_RadialDistribution_MeanFrac_Actin_4of4,-0.1637877800723806,0.0
Cells_RadialDistribution_MeanFrac_ER_1of4,0.0565174504370247,0.0
Cells_RadialDistribution_MeanFrac_ER_2of4,0.0,0.0
Cells_RadialDistribution_MeanFrac_ER_3of4,0.0884960061053889,0.0
Cells_RadialDistribution_MeanFrac_ER_4of4,-0.0815155742118594,0.0
Cells_RadialDistribution_MeanFrac_Hoechst_1of4,0.0,0.0
Cells_RadialDistribution_MeanFrac_Hoechst_2of4,0.0,0.0
Cells_RadialDistribution_MeanFrac_Hoechst_3of4,-0.166537711205746,0.0
Cells_RadialDistribution_MeanFrac_Hoechst_4of4,0.0,0.0
Cells_RadialDistribution_MeanFrac_Mitochondria_1of4,-0.0616425928026726,0.0
Cells_RadialDistribution_MeanFrac_Mitochondria_2of4,0.0,0.0
Cells_RadialDistribution_MeanFrac_Mitochondria_3of4,0.0,0.0
Cells_RadialDistribution_MeanFrac_Mitochondria_4of4,0.2101137530042184,0.0
Cells_RadialDistribution_MeanFrac_PM_1of4,-0.0574131470734546,0.0
Cells_RadialDistribution_MeanFrac_PM_4of4,0.0,0.0
Cells_RadialDistribution_RadialCV_Actin_1of4,-0.0465723955438577,0.0109615126136034
Cells_RadialDistribution_RadialCV_Actin_2of4,-0.0653085668230881,0.0125996147324757
Cells_RadialDistribution_RadialCV_Actin_3of4,-0.0885262566779976,0.0
Cells_RadialDistribution_RadialCV_Actin_4of4,0.0363263097401176,-0.1764812366481863
Cells_RadialDistribution_RadialCV_ER_1of4,0.0,-0.0150518918880866
Cells_RadialDistribution_RadialCV_ER_2of4,0.0,-0.1002889982416114
Cells_RadialDistribution_RadialCV_ER_3of4,-0.0404986007052646,0.0
Cells_RadialDistribution_RadialCV_ER_4of4,0.0118931321777531,-0.1016867018177602
Cells_RadialDistribution_RadialCV_Hoechst_1of4,-0.0339541045819106,0.0
Cells_RadialDistribution_RadialCV_Hoechst_2of4,0.0818170330250555,0.0
Cells_RadialDistribution_RadialCV_Hoechst_3of4,0.1553729396982582,0.0130838911037387
Cells_RadialDistribution_RadialCV_Hoechst_4of4,-0.0917352834386782,0.084374824773536
Cells_RadialDistribution_RadialCV_Mitochondria_1of4,-0.0364748883162254,0.0
Cells_RadialDistribution_RadialCV_Mitochondria_2of4,0.0,0.0
Cells_RadialDistribution_RadialCV_Mitochondria_3of4,-0.0046626775559995,0.0
Cells_RadialDistribution_RadialCV_Mitochondria_4of4,0.0,-0.1352767284292519
Cells_RadialDistribution_RadialCV_PM_1of4,-0.0163201677620367,0.0
Cells_RadialDistribution_RadialCV_PM_2of4,0.0,0.0
Cells_RadialDistribution_RadialCV_PM_3of4,-0.1154575425790249,0.0
Cells_RadialDistribution_RadialCV_PM_4of4,-0.0482093018991705,0.0
Cells_Texture_AngularSecondMoment_Hoechst_3_01_256,0.7481500078895712,0.0
Cells_Texture_Contrast_Hoechst_3_02_256,0.0,0.0
Cells_Texture_Correlation_Hoechst_3_00_256,0.0,0.0
Cells_Texture_Correlation_Hoechst_3_01_256,-0.0853548278301045,0.0
Cells_Texture_Correlation_Hoechst_3_02_256,0.0,0.0
Cells_Texture_Correlation_Hoechst_3_03_256,0.1339213347187773,0.0
Cells_Texture_Correlation_PM_3_00_256,-0.0638195656832475,0.058135724689389
Cells_Texture_Correlation_PM_3_01_256,-0.0219707262046472,0.0059358040472002
Cells_Texture_Correlation_PM_3_02_256,0.0,0.0707326418669128
Cells_Texture_Correlation_PM_3_03_256,0.0,0.0157519940270207
Cells_Texture_DifferenceVariance_Hoechst_3_01_256,0.0,0.0
Cells_Texture_InfoMeas1_Hoechst_3_00_256,-0.0927222821439972,0.0119020950077518
Cells_Texture_InfoMeas1_Hoechst_3_01_256,0.0,0.0
Cells_Texture_InfoMeas1_Hoechst_3_02_256,-0.1496907515077291,0.1077023996717738
Cells_Texture_InfoMeas1_Hoechst_3_03_256,0.0,0.0
Cells_Texture_InfoMeas1_Mitochondria_3_00_256,0.0,0.0
Cells_Texture_InfoMeas1_Mitochondria_3_01_256,0.0928161974707148,0.0
Cells_Texture_InfoMeas1_Mitochondria_3_02_256,0.0581602526837035,0.0
Cells_Texture_InfoMeas1_Mitochondria_3_03_256,0.09104596710302,0.0
Cells_Texture_InfoMeas1_PM_3_01_256,0.0,0.0
Cells_Texture_InfoMeas1_PM_3_03_256,0.0,0.0
Cells_Texture_InfoMeas2_Hoechst_3_00_256,0.1398064135850386,0.0
Cells_Texture_InfoMeas2_PM_3_01_256,0.0,0.0
Cells_Texture_InfoMeas2_PM_3_02_256,0.0635275591277078,0.0
Cells_Texture_InfoMeas2_PM_3_03_256,0.0,0.0
Cells_Texture_SumAverage_Hoechst_3_01_256,0.0,0.0
Cells_Texture_SumVariance_PM_3_01_256,0.1105312460163596,0.0368999290638806
Cells_Texture_Variance_Hoechst_3_03_256,0.0,0.0
Nuclei_AreaShape_Compactness,-0.2441483341956165,0.0
Nuclei_AreaShape_ConvexArea,-0.4316712031541789,0.0
Nuclei_AreaShape_Extent,-0.1341013762469102,0.0
Nuclei_AreaShape_FormFactor,0.0828211339837687,0.0
Nuclei_AreaShape_MinFeretDiameter,-0.4131603318194953,-0.179524758280822
Nuclei_AreaShape_Orientation,0.0553938368059096,0.0
Nuclei_AreaShape_Solidity,-0.1455263220847954,0.0
Nuclei_AreaShape_Zernike_0_0,0.0,0.0
Nuclei_AreaShape_Zernike_1_1,0.041002227774318,0.0
Nuclei_AreaShape_Zernike_2_0,-0.0267200019346069,0.0
Nuclei_AreaShape_Zernike_2_2,0.0,0.0
Nuclei_AreaShape_Zernike_3_1,0.0,0.0
Nuclei_AreaShape_Zernike_3_3,0.0558237069230318,0.0
Nuclei_AreaShape_Zernike_4_0,0.2199499049617599,-0.1187084257446709
Nuclei_AreaShape_Zernike_4_2,0.0351912482873363,0.0
Nuclei_AreaShape_Zernike_4_4,0.0205786189018878,0.0
Nuclei_AreaShape_Zernike_5_1,0.0,-0.075463737674404
Nuclei_AreaShape_Zernike_5_3,0.0063475307454521,0.0
Nuclei_AreaShape_Zernike_5_5,0.0254004717843759,0.0
Nuclei_AreaShape_Zernike_6_0,-0.0309649307017973,0.0
Nuclei_AreaShape_Zernike_6_2,0.096185303550132,0.0
Nuclei_AreaShape_Zernike_6_4,0.0533856175684019,0.1654615540513849
Nuclei_AreaShape_Zernike_6_6,0.0,0.0
Nuclei_AreaShape_Zernike_7_1,0.0,0.0
Nuclei_AreaShape_Zernike_7_3,0.0050272336332861,0.0
Nuclei_AreaShape_Zernike_7_5,0.0714947553598419,0.0
Nuclei_AreaShape_Zernike_7_7,-0.0285310357961361,0.0
Nuclei_AreaShape_Zernike_8_0,0.0657249212672388,0.0
Nuclei_AreaShape_Zernike_8_2,-0.1572200241575654,0.0
Nuclei_AreaShape_Zernike_8_4,0.0752061234312983,0.0
Nuclei_AreaShape_Zernike_8_6,0.0523107666644824,0.0
Nuclei_AreaShape_Zernike_8_8,0.0081634179099671,0.0
Nuclei_AreaShape_Zernike_9_1,0.0,-0.0061117209014179
Nuclei_AreaShape_Zernike_9_3,0.0,0.0
Nuclei_AreaShape_Zernike_9_5,-0.0087857326271333,0.128430732744435
Nuclei_AreaShape_Zernike_9_7,-0.0615218480105302,0.0
Nuclei_AreaShape_Zernike_9_9,0.0027898671200342,-0.1626479209010001
Nuclei_Correlation_Correlation_Actin_ER,-0.0367519367511925,0.0
Nuclei_Correlation_Correlation_Actin_Hoechst,-0.0293383140403905,0.0
Nuclei_Correlation_Correlation_Actin_Mitochondria,0.1293180955521116,0.0706378975931901
Nuclei_Correlation_Correlation_Actin_PM,-0.3026592891530872,0.0
Nuclei_Correlation_Correlation_ER_Hoechst,-0.0325094150561415,-0.0486736156995025
Nuclei_Correlation_Correlation_ER_Mitochondria,0.1585214954024031,-0.148428519322881
Nuclei_Correlation_Correlation_ER_PM,-0.1598497099663031,0.0
Nuclei_Correlation_Correlation_Hoechst_Mitochondria,0.17689617837915,0.0121436303871395
Nuclei_Correlation_Correlation_Hoechst_PM,-0.3485369598019575,0.01189425031229
Nuclei_Correlation_Correlation_Mitochondria_PM,0.040952644173403,0.0
Nuclei_Correlation_K_Actin_Hoechst,0.178421829768182,0.0
Nuclei_Correlation_K_Actin_Mitochondria,-0.0120081537012011,0.0
Nuclei_Correlation_K_Actin_PM,0.2196360826681163,-0.4958787091377921
Nuclei_Correlation_K_ER_Hoechst,-0.189163703144439,0.0
Nuclei_Correlation_K_ER_Mitochondria,-0.2215126452194527,0.0
Nuclei_Correlation_K_ER_PM,-0.0225629844309641,0.0
Nuclei_Correlation_K_Hoechst_ER,-0.2229583121806274,0.0
Nuclei_Correlation_K_Hoechst_Mitochondria,-0.1359045001565534,0.0
Nuclei_Correlation_K_Hoechst_PM,0.0211914456219066,0.0
Nuclei_Correlation_K_Mitochondria_Actin,-0.175338896121361,0.0256009033353721
Nuclei_Correlation_K_Mitochondria_ER,-0.3134357877355299,0.0
Nuclei_Correlation_K_Mitochondria_Hoechst,0.0,0.0
Nuclei_Correlation_K_Mitochondria_PM,0.6683005785986577,0.0
Nuclei_Correlation_K_PM_Actin,0.027314479668506,0.0793352572754265
Nuclei_Correlation_K_PM_ER,-0.017875441661363,-0.0269687655514891
Nuclei_Correlation_K_PM_Hoechst,0.068121536524135,-0.116910193750411
Nuclei_Correlation_K_PM_Mitochondria,0.0014919719021203,0.0
Nuclei_Correlation_Overlap_Actin_Hoechst,0.1638926843891053,0.0
Nuclei_Correlation_Overlap_Actin_Mitochondria,0.0,0.0
Nuclei_Correlation_Overlap_Actin_PM,0.0350477106488161,-0.013087051750641
Nuclei_Correlation_Overlap_ER_Hoechst,0.1863599668241523,-0.1363265992017629
Nuclei_Correlation_Overlap_ER_Mitochondria,0.1641255052538747,-0.0276988156352363
Nuclei_Correlation_Overlap_ER_PM,0.0,0.0
Nuclei_Correlation_Overlap_Hoechst_Mitochondria,0.0,0.0
Nuclei_Correlation_Overlap_Hoechst_PM,0.0,0.0
Nuclei_Correlation_Overlap_Mitochondria_PM,-0.0182571568249942,0.0848220028116689
Nuclei_Correlation_RWC_Actin_ER,0.2101561728930362,0.1063077418253326
Nuclei_Correlation_RWC_Actin_Hoechst,-0.0591069064830995,0.0
Nuclei_Correlation_RWC_Actin_Mitochondria,-0.1289813403536993,0.0377982683325862
Nuclei_Correlation_RWC_Actin_PM,-0.0141347612255677,0.0
Nuclei_Correlation_RWC_ER_Actin,-0.2246418493728987,0.0
Nuclei_Correlation_RWC_ER_Hoechst,-0.3350906136677099,0.0
Nuclei_Correlation_RWC_ER_Mitochondria,0.0,0.0
Nuclei_Correlation_RWC_ER_PM,-0.3047948450269826,-0.0632093532182025
Nuclei_Correlation_RWC_Hoechst_Actin,-0.3909009934805275,0.2097094177587512
Nuclei_Correlation_RWC_Hoechst_ER,-0.2814159626596032,0.0
Nuclei_Correlation_RWC_Hoechst_Mitochondria,0.0,0.0
Nuclei_Correlation_RWC_Hoechst_PM,-0.2344301664106194,0.0
Nuclei_Correlation_RWC_Mitochondria_Actin,-0.1924209410206666,0.0
Nuclei_Correlation_RWC_Mitochondria_ER,-0.0682845516677991,0.0
Nuclei_Correlation_RWC_Mitochondria_Hoechst,0.0,0.0
Nuclei_Correlation_RWC_Mitochondria_PM,0.1102130406432998,0.0
Nuclei_Correlation_RWC_PM_Actin,-0.1170299937697625,0.0174644879858679
Nuclei_Correlation_RWC_PM_ER,0.0,-0.0447127351596474
Nuclei_Correlation_RWC_PM_Mitochondria,0.1640250758634959,0.0
Nuclei_Granularity_1_Actin,-0.2324318541869749,-0.2076365037829928
Nuclei_Granularity_1_ER,-0.152805366478927,0.0646856711583064
Nuclei_Granularity_1_Hoechst,0.0070099003178478,0.0
Nuclei_Granularity_1_Mitochondria,0.2419223128046679,0.0
Nuclei_Granularity_1_PM,-0.0028251137661716,0.0
Nuclei_Granularity_2_Hoechst,0.0908857598903137,0.0030549698001314
Nuclei_Intensity_IntegratedIntensityEdge_Hoechst,0.5559980647989918,0.0
Nuclei_Intensity_IntegratedIntensity_Actin,0.4931815601812747,0.0
Nuclei_Intensity_IntegratedIntensity_ER,0.0304671289292446,0.0
Nuclei_Intensity_IntegratedIntensity_Hoechst,-0.0609321851154859,0.0
Nuclei_Intensity_IntegratedIntensity_Mitochondria,-0.2680458664832805,0.0
Nuclei_Intensity_IntegratedIntensity_PM,0.5514129354177687,0.0
Nuclei_Intensity_LowerQuartileIntensity_Hoechst,0.1180558842892173,0.0531711608409761
Nuclei_Intensity_LowerQuartileIntensity_Mitochondria,-0.0363273359941871,0.0239500369149888
Nuclei_Intensity_MADIntensity_Actin,-0.0627563904926764,0.0
Nuclei_Intensity_MADIntensity_ER,0.146301815475021,0.0
Nuclei_Intensity_MADIntensity_Hoechst,0.0,0.0
Nuclei_Intensity_MADIntensity_Mitochondria,0.0,0.0
Nuclei_Intensity_MADIntensity_PM,0.0,0.0332928057032274
Nuclei_Intensity_MassDisplacement_Actin,0.2541888268277713,0.0
Nuclei_Intensity_MassDisplacement_ER,-0.0262796681499883,0.0172249287345218
Nuclei_Intensity_MassDisplacement_Hoechst,-0.0200957282769053,0.0
Nuclei_Intensity_MassDisplacement_Mitochondria,0.1866181083180252,0.0
Nuclei_Intensity_MassDisplacement_PM,-0.0782015853959912,0.0
Nuclei_Intensity_MaxIntensity_Hoechst,0.0,0.0
Nuclei_Intensity_MaxIntensity_PM,0.0,0.0034770758836916
Nuclei_Intensity_MeanIntensityEdge_Hoechst,1.4188322866894274,0.3237306038299659
Nuclei_Intensity_MinIntensityEdge_ER,0.0,0.0
Nuclei_Intensity_MinIntensityEdge_Hoechst,0.8105321168304505,0.0
Nuclei_Intensity_MinIntensityEdge_Mitochondria,-0.1517577091889172,0.0
Nuclei_Intensity_MinIntensity_Actin,0.6233727195357478,0.0
Nuclei_Intensity_MinIntensity_PM,0.1072561362620735,0.0
Nuclei_Intensity_StdIntensityEdge_Actin,0.1451688246367966,0.0
Nuclei_Intensity_StdIntensityEdge_ER,0.0659785730516738,0.0
Nuclei_Intensity_StdIntensityEdge_Hoechst,-0.5159951209467526,-0.1613207119005397
Nuclei_Intensity_StdIntensityEdge_Mitochondria,0.2089011878416347,0.0808459189344849
Nuclei_Intensity_StdIntensityEdge_PM,-0.0917134452932375,0.0
Nuclei_Neighbors_AngleBetweenNeighbors_Adjacent,-0.0800840973331043,0.0
Nuclei_Neighbors_FirstClosestDistance_Adjacent,0.2257904041316452,0.0
Nuclei_Neighbors_SecondClosestDistance_Adjacent,0.0,0.0
Nuclei_RadialDistribution_FracAtD_Actin_1of4,0.0236918681192813,0.0
Nuclei_RadialDistribution_FracAtD_Actin_4of4,-0.0769277620103345,0.0
Nuclei_RadialDistribution_FracAtD_ER_3of4,0.0,0.0
Nuclei_RadialDistribution_FracAtD_Hoechst_1of4,0.0,0.0
Nuclei_RadialDistribution_FracAtD_Hoechst_2of4,-0.1058160227696507,0.0
Nuclei_RadialDistribution_FracAtD_Hoechst_3of4,0.0,0.0
Nuclei_RadialDistribution_FracAtD_Hoechst_4of4,0.0,0.0
Nuclei_RadialDistribution_FracAtD_Mitochondria_1of4,0.0,0.0
Nuclei_RadialDistribution_FracAtD_Mitochondria_3of4,0.2378718930008087,0.2135061135057677
Nuclei_RadialDistribution_FracAtD_Mitochondria_4of4,-0.1575397761196512,-0.1079090507260472
Nuclei_RadialDistribution_FracAtD_PM_1of4,0.0197728585945053,0.0
Nuclei_RadialDistribution_FracAtD_PM_2of4,0.1044979022088778,0.0
Nuclei_RadialDistribution_FracAtD_PM_3of4,-0.266053709747044,0.0
Nuclei_RadialDistribution_FracAtD_PM_4of4,0.0,0.0
Nuclei_RadialDistribution_MeanFrac_Actin_1of4,0.0,0.0
Nuclei_RadialDistribution_MeanFrac_Actin_2of4,0.0687247461269188,0.0
Nuclei_RadialDistribution_MeanFrac_Actin_3of4,0.0,0.0
Nuclei_RadialDistribution_MeanFrac_Actin_4of4,0.0,0.0049349702344135
Nuclei_RadialDistribution_MeanFrac_ER_1of4,0.0,0.0
Nuclei_RadialDistribution_MeanFrac_ER_2of4,0.0016689245460818,0.0
Nuclei_RadialDistribution_MeanFrac_ER_4of4,0.0,0.0
Nuclei_RadialDistribution_MeanFrac_Hoechst_1of4,-0.0001532356336479,0.0550246212117751
Nuclei_RadialDistribution_MeanFrac_Hoechst_2of4,-0.1538973174037989,0.0
Nuclei_RadialDistribution_MeanFrac_Mitochondria_1of4,-0.156659929026852,0.0113362841829766
Nuclei_RadialDistribution_MeanFrac_Mitochondria_2of4,0.0077528579673787,0.0
Nuclei_RadialDistribution_MeanFrac_PM_1of4,-0.0050987080012652,0.0
Nuclei_RadialDistribution_MeanFrac_PM_2of4,0.0320307981609748,0.0
Nuclei_RadialDistribution_MeanFrac_PM_3of4,-0.1052087306942355,0.0771793489418653
Nuclei_RadialDistribution_MeanFrac_PM_4of4,0.0,0.0
Nuclei_RadialDistribution_RadialCV_Actin_1of4,0.0,0.0
Nuclei_RadialDistribution_RadialCV_Actin_2of4,-0.0751909853791005,0.0
Nuclei_RadialDistribution_RadialCV_Actin_3of4,-0.0345004150388247,0.0
Nuclei_RadialDistribution_RadialCV_Actin_4of4,-0.244353806823475,0.0040665772279745
Nuclei_RadialDistribution_RadialCV_ER_1of4,0.0450122081692832,0.0
Nuclei_RadialDistribution_RadialCV_ER_2of4,-0.103741479724017,0.0
Nuclei_RadialDistribution_RadialCV_ER_3of4,-0.0531456327772203,0.0863873027730104
Nuclei_RadialDistribution_RadialCV_ER_4of4,0.0,0.1039271306838186
Nuclei_RadialDistribution_RadialCV_Hoechst_1of4,0.0,0.0
Nuclei_RadialDistribution_RadialCV_Hoechst_2of4,0.0318885232391764,-0.0873215654770098
Nuclei_RadialDistribution_RadialCV_Hoechst_3of4,0.0,-0.1413658933199842
Nuclei_RadialDistribution_RadialCV_Hoechst_4of4,0.0,0.0
Nuclei_RadialDistribution_RadialCV_Mitochondria_1of4,0.0,0.0
Nuclei_RadialDistribution_RadialCV_Mitochondria_2of4,0.0098360797830747,-0.2477886607884651
Nuclei_RadialDistribution_RadialCV_Mitochondria_3of4,0.0,-0.0574606036824746
Nuclei_RadialDistribution_RadialCV_Mitochondria_4of4,0.0,0.0
Nuclei_RadialDistribution_RadialCV_PM_1of4,0.0,-0.1651288814677554
Nuclei_RadialDistribution_RadialCV_PM_2of4,0.0338190570492306,-0.0844045543370099
Nuclei_RadialDistribution_RadialCV_PM_3of4,0.0441164796033843,0.0
Nuclei_RadialDistribution_RadialCV_PM_4of4,-0.3278743360581163,0.1912328931915612
Nuclei_Texture_AngularSecondMoment_ER_3_01_256,0.2470868645634172,0.0
Nuclei_Texture_AngularSecondMoment_Hoechst_3_01_256,-0.2646818010653334,0.0
Nuclei_Texture_AngularSecondMoment_Mitochondria_3_01_256,0.0,0.0
Nuclei_Texture_AngularSecondMoment_PM_3_01_256,0.4820547380934594,-0.0826532245988315
Nuclei_Texture_Contrast_ER_3_01_256,0.0,0.0
Nuclei_Texture_Contrast_ER_3_03_256,0.0,0.0
Nuclei_Texture_Contrast_Hoechst_3_01_256,-0.0438066484052066,0.0
Nuclei_Texture_Contrast_Mitochondria_3_01_256,0.0,0.0
Nuclei_Texture_Contrast_Mitochondria_3_03_256,0.0210573799059223,0.0
Nuclei_Texture_Contrast_PM_3_00_256,-0.0092900834451366,0.0
Nuclei_Texture_Contrast_PM_3_01_256,-0.047243169143664,0.0
Nuclei_Texture_Contrast_PM_3_02_256,0.0,0.0
Nuclei_Texture_Contrast_PM_3_03_256,0.0,0.0
Nuclei_Texture_Correlation_ER_3_00_256,0.0,0.0
Nuclei_Texture_Correlation_ER_3_01_256,0.0,-0.0391875899990894
Nuclei_Texture_Correlation_ER_3_02_256,0.1846722263922211,0.0
Nuclei_Texture_Correlation_ER_3_03_256,-0.0717946651035471,0.0
Nuclei_Texture_Correlation_Hoechst_3_00_256,0.0,0.059929861268157
Nuclei_Texture_Correlation_Hoechst_3_01_256,-0.1626925049653143,0.0
Nuclei_Texture_Correlation_Hoechst_3_02_256,0.0,0.0
Nuclei_Texture_Correlation_Hoechst_3_03_256,-0.1065551060912497,0.0017171477078367
Nuclei_Texture_Correlation_Mitochondria_3_00_256,-0.0705906396959011,0.0
Nuclei_Texture_Correlation_Mitochondria_3_01_256,0.0,0.0
Nuclei_Texture_Correlation_Mitochondria_3_02_256,-0.1023710766321893,-0.0547594920774684
Nuclei_Texture_Correlation_Mitochondria_3_03_256,0.0928221852660163,0.0
Nuclei_Texture_Correlation_PM_3_00_256,0.0,0.0
Nuclei_Texture_Correlation_PM_3_01_256,0.0,0.0644429799048653
Nuclei_Texture_Correlation_PM_3_02_256,0.0,0.0
Nuclei_Texture_Correlation_PM_3_03_256,-1.5685415086406343e-09,0.0
Nuclei_Texture_DifferenceEntropy_ER_3_01_256,0.0,0.0
Nuclei_Texture_DifferenceEntropy_Hoechst_3_02_256,0.0,0.0
Nuclei_Texture_DifferenceEntropy_Mitochondria_3_00_256,0.0,0.0
Nuclei_Texture_DifferenceEntropy_PM_3_00_256,0.0,0.0
Nuclei_Texture_DifferenceVariance_ER_3_01_256,0.0,0.0
Nuclei_Texture_DifferenceVariance_Mitochondria_3_03_256,0.0,0.0
Nuclei_Texture_DifferenceVariance_PM_3_03_256,0.0,0.0
Nuclei_Texture_InfoMeas1_ER_3_00_256,-0.1254516286258137,0.0
Nuclei_Texture_InfoMeas1_ER_3_01_256,0.0176000214784963,0.0
Nuclei_Texture_InfoMeas1_ER_3_02_256,-0.0129019377599339,0.0
Nuclei_Texture_InfoMeas1_ER_3_03_256,0.0218144834550304,0.0
Nuclei_Texture_InfoMeas1_Hoechst_3_00_256,0.0,0.0
Nuclei_Texture_InfoMeas1_Hoechst_3_01_256,0.0,0.0
Nuclei_Texture_InfoMeas1_Hoechst_3_02_256,0.0235599369304681,0.0
Nuclei_Texture_InfoMeas1_Hoechst_3_03_256,0.1434714091197446,0.0
Nuclei_Texture_InfoMeas1_Mitochondria_3_00_256,0.0,0.0
Nuclei_Texture_InfoMeas1_Mitochondria_3_01_256,0.0,0.0
Nuclei_Texture_InfoMeas1_Mitochondria_3_02_256,0.0,0.0
Nuclei_Texture_InfoMeas1_Mitochondria_3_03_256,0.0,0.0
Nuclei_Texture_InfoMeas1_PM_3_00_256,-0.095074284483036,0.0
Nuclei_Texture_InfoMeas1_PM_3_01_256,0.0354922499713214,0.0
Nuclei_Texture_InfoMeas1_PM_3_02_256,-0.096545957610869,-0.037936929874417
Nuclei_Texture_InfoMeas1_PM_3_03_256,-0.0315748168406932,0.0
Nuclei_Texture_InfoMeas2_Hoechst_3_00_256,0.0619832319542409,0.0
Nuclei_Texture_InfoMeas2_Hoechst_3_02_256,0.1442927331998642,0.0
Nuclei_Texture_InfoMeas2_PM_3_00_256,0.1102006048189002,0.0871228428650729
Nuclei_Texture_InfoMeas2_PM_3_01_256,0.0,0.0
Nuclei_Texture_InfoMeas2_PM_3_02_256,0.2220927846767942,0.1132331705558094
Nuclei_Texture_InfoMeas2_PM_3_03_256,0.0413159276401096,0.0417745985401295
Nuclei_Texture_InverseDifferenceMoment_ER_3_01_256,-0.0848015019580389,0.0
Nuclei_Texture_InverseDifferenceMoment_ER_3_03_256,0.0,0.0
Nuclei_Texture_InverseDifferenceMoment_Mitochondria_3_00_256,0.0,0.0
Nuclei_Texture_InverseDifferenceMoment_Mitochondria_3_02_256,0.0,0.0
Nuclei_Texture_InverseDifferenceMoment_PM_3_01_256,0.0,-0.0905956344682918
Nuclei_Texture_InverseDifferenceMoment_PM_3_03_256,0.1811180813827542,0.0
Nuclei_Texture_SumVariance_ER_3_01_256,0.158682462804525,0.0
Nuclei_Texture_SumVariance_Mitochondria_3_03_256,-0.040496218471161,0.0
Nuclei_Texture_SumVariance_PM_3_01_256,-0.2194165521924374,0.0
Cells_AreaShape_Compactness,0.0,-0.0172927444768595
Cells_AreaShape_Eccentricity,0.0,0.0
Cells_AreaShape_Extent,0.0,-0.083149767991081
Cells_AreaShape_Perimeter,0.0,-0.371588357472863
Cells_AreaShape_Solidity,0.0,0.0
Cells_AreaShape_Zernike_0_0,0.0,-0.2059100177769164
Cells_AreaShape_Zernike_1_1,0.0,0.0
Cells_AreaShape_Zernike_2_2,0.0,-0.0114455845689768
Cells_AreaShape_Zernike_3_3,0.0,0.0
Cells_Correlation_RWC_ER_Hoechst,0.0,0.0
Cells_Correlation_RWC_Hoechst_Mitochondria,0.0,0.1661419974948984
Cells_Correlation_RWC_Mitochondria_Hoechst,0.0,0.0
Cells_Correlation_RWC_PM_Hoechst,0.0,0.0
Cells_Granularity_1_Actin,0.0,0.0
Cells_Granularity_2_PM,0.0,0.0
Cells_Intensity_MeanIntensityEdge_ER,0.0,0.0
Cells_Intensity_StdIntensityEdge_Actin,0.0,0.0
Cells_Intensity_StdIntensityEdge_ER,0.0,0.0
Cells_RadialDistribution_FracAtD_Actin_2of4,0.0,0.0
Cells_RadialDistribution_FracAtD_Hoechst_2of4,0.0,-0.0553926178740454
Cells_RadialDistribution_MeanFrac_PM_2of4,0.0,0.0
Cells_Texture_Contrast_Hoechst_3_00_256,0.0,0.0
Cells_Texture_InfoMeas1_ER_3_00_256,0.0,0.0
Cells_Texture_InfoMeas1_ER_3_01_256,0.0,0.0
Cells_Texture_InfoMeas1_ER_3_02_256,0.0,0.0
Cells_Texture_InfoMeas1_ER_3_03_256,0.0,0.0
Cells_Texture_InfoMeas2_ER_3_00_256,0.0,0.1226705979380394
Cells_Texture_InfoMeas2_ER_3_01_256,0.0,0.0025558930675647
Cells_Texture_InfoMeas2_ER_3_03_256,0.0,0.0
Cytoplasm_AreaShape_Area,0.0,-0.3329575388722824
Cytoplasm_Correlation_K_PM_ER,0.0,0.078168398935727
Cytoplasm_Correlation_Overlap_ER_PM,0.0,0.0
Cytoplasm_Correlation_RWC_Actin_Mitochondria,0.0,-0.0681477020057329
Cytoplasm_Correlation_RWC_Actin_PM,0.0,-0.1193070672612425
Cytoplasm_Correlation_RWC_Hoechst_PM,0.0,0.0
Cytoplasm_Correlation_RWC_PM_Hoechst,0.0,0.0
Cytoplasm_Granularity_1_Hoechst,0.0,-0.0896634074114576
Cytoplasm_Granularity_1_Mitochondria,0.0,0.0
Cytoplasm_Granularity_1_PM,0.0,0.0
Cytoplasm_Intensity_LowerQuartileIntensity_ER,0.0,0.0
Cytoplasm_Intensity_LowerQuartileIntensity_Mitochondria,0.0,0.0
Cytoplasm_Intensity_MassDisplacement_Actin,0.0,0.0
Cytoplasm_Intensity_MassDisplacement_PM,0.0,-0.0911508760029729
Cytoplasm_Intensity_MaxIntensityEdge_ER,0.0,0.1282971530744821
Cytoplasm_Intensity_StdIntensityEdge_ER,0.0,0.0
Cytoplasm_Intensity_StdIntensityEdge_PM,0.0,0.0777894460692148
Cytoplasm_Location_MaxIntensity_Y_Actin,0.0,-0.2159588164577483
Cytoplasm_RadialDistribution_FracAtD_PM_2of4,0.0,-0.0154701979586107
Cytoplasm_Texture_DifferenceEntropy_ER_3_00_256,0.0,0.0
Cytoplasm_Texture_DifferenceEntropy_ER_3_02_256,0.0,0.0
Cytoplasm_Texture_InfoMeas2_ER_3_00_256,0.0,0.0083107282229307
Cytoplasm_Texture_InfoMeas2_ER_3_01_256,0.0,0.018873458987471
Cytoplasm_Texture_InfoMeas2_ER_3_02_256,0.0,0.0
Cytoplasm_Texture_InfoMeas2_ER_3_03_256,0.0,0.0
Cytoplasm_Texture_InverseDifferenceMoment_PM_3_02_256,0.0,-0.1062071303456872
Nuclei_AreaShape_MajorAxisLength,0.0,-0.0178861763343911
Nuclei_Intensity_IntegratedIntensityEdge_ER,0.0,0.0
Nuclei_Intensity_IntegratedIntensityEdge_Mitochondria,0.0,0.0
Nuclei_Intensity_LowerQuartileIntensity_ER,0.0,0.0
Nuclei_Intensity_LowerQuartileIntensity_PM,0.0,0.2721192304801345
Nuclei_Intensity_MeanIntensity_Hoechst,0.0,0.117006892178738
Nuclei_Intensity_MedianIntensity_Hoechst,0.0,0.1687772453542817
Nuclei_Intensity_MinIntensityEdge_Actin,0.0,0.4690020162415798
Nuclei_Intensity_MinIntensity_ER,0.0,0.0
Nuclei_Intensity_MinIntensity_Hoechst,0.0,0.5226409099684887
Nuclei_RadialDistribution_FracAtD_ER_2of4,0.0,0.0
Nuclei_RadialDistribution_FracAtD_ER_4of4,0.0,0.0
Nuclei_RadialDistribution_FracAtD_Mitochondria_2of4,0.0,0.0
Nuclei_RadialDistribution_MeanFrac_Hoechst_3of4,0.0,0.0
Nuclei_RadialDistribution_MeanFrac_Mitochondria_4of4,0.0,-0.1574713547327342
Nuclei_Texture_Contrast_Hoechst_3_00_256,0.0,0.0
Nuclei_Texture_Contrast_Hoechst_3_02_256,0.0,0.0
Nuclei_Texture_DifferenceEntropy_Hoechst_3_00_256,0.0,0.0
Nuclei_Texture_InverseDifferenceMoment_Hoechst_3_00_256,0.0,0.0421015307903232
Nuclei_Texture_InverseDifferenceMoment_Hoechst_3_01_256,0.0,0.0
Nuclei_Texture_InverseDifferenceMoment_Hoechst_3_02_256,0.0,0.0
Nuclei_Texture_InverseDifferenceMoment_Hoechst_3_03_256,0.0,0.0
Nuclei_Texture_InverseDifferenceMoment_PM_3_00_256,0.0,0.0
Nuclei_Texture_InverseDifferenceMoment_PM_3_02_256,0.0,0.0
Nuclei_Texture_SumEntropy_PM_3_01_256,0.0,0.1146624258494401
